iteration,loss,accuracy,cpu_percent,memory_MB,duration_s
1,0.6807462812733365,0.8042093379566164,1.4,20.267711639404297,584.7784481048584
2,0.6262132290741544,0.8042093379566164,4.9,23.69091796875,583.4031147956848
3,0.6870018074432391,0.8042093379566164,4.6,23.765689849853516,591.6678586006165
4,0.6591452652773582,0.8042093379566164,4.5,23.956676483154297,587.6883263587952
5,0.6366727685243125,0.8042093379566164,4.7,23.804431915283203,586.4793848991394
6,0.634648619010446,0.8042093379566164,4.6,23.872669219970703,581.5087683200836
7,0.637228533048939,0.8042093379566164,4.6,23.990264892578125,582.2107439041138
8,0.6395326281105751,0.8042093379566164,4.5,24.09503936767578,581.8116328716278
9,0.6409482237197237,0.8042093379566164,4.5,24.081989288330078,582.7971067428589
10,0.6415253763418785,0.8042093379566164,4.5,24.198802947998047,581.7635140419006
